Movies,ID,Actors
144,829462,"['Diana Taurasi', 'Nneka Ogwumike']"
(K)nox: The Rob Knox Story,912568,"['Emma Watson', 'Ray Winstone']"
2021 Rock & Roll Hall of Fame Induction Ceremony,903976,"['Halle Berry', 'Idris Elba', 'Jack Black', 'Jennifer Hudson', 'Jennifer Lopez', 'Kevin Hart', 'LeBron James', 'Lizzo', 'Ludacris', ""Lupita Nyong'o"", 'Samuel L. Jackson']"
30 for 30: The Bunny & the GOAT,837521,"['Diana Taurasi', 'Don Cheadle', 'LeBron James', 'Nneka Ogwumike', 'Zendaya']"
A Parks and Recreation Special,696507,"['Chris Pratt', 'Jason Mantzoukas', 'Paul Rudd']"
A West Wing Special to Benefit When We All Vote,753563,"['Elisabeth Moss', 'Samuel L. Jackson']"
Adele One Night Only,896633,"['Leonardo DiCaprio', 'Lizzo']"
Adrienne,887171,"['Keri Russell', 'Paul Rudd']"
Alan Pakula: Going for Truth,649333,"['Christopher Plummer', 'Harrison Ford']"
All In: The Fight for Democracy,727705,"['Constance Wu', 'Nick Jonas']"
Allied Forces: Making 1917,686132,"['Dean-Charles Chapman', 'George MacKay']"
An Audience with Adele,901047,"['Bryan Cranston', 'Emma Watson', 'Idris Elba', 'Samuel L. Jackson']"
Being James Bond,869250,"['Ana de Armas', 'Ben Whishaw', 'Daniel Craig', 'Dave Bautista', 'Eva Green', 'Harrison Ford', 'Javier Bardem', 'Lashana Lynch', 'Léa Seydoux', 'Naomie Harris', 'Rachel Weisz']"
Best of Stand-up 2020,781425,"['Jack Whitehall', 'Kevin Hart']"
Between Two Ferns: The Movie,584962,"['Awkwafina', 'Benedict Cumberbatch', 'Brie Larson', 'Bruce Willis', 'Gal Gadot', 'Keanu Reeves', 'Matthew McConaughey', 'Paul Rudd', 'Tiffany Haddish']"
Brangelina: The Inside Story,966496,"['Angelina Jolie', 'Brad Pitt']"
Brave Blue World: Racing to Solve Our Water Crisis,755688,"['Liam Neeson', 'Matt Damon']"
Camp! The Movie,601825,"['Cardi B', 'Elle Fanning', 'Jared Leto', 'Lizzo', 'Tiffany Haddish']"
Catwoman: The Feline Femme Fatale,829707,"['Christian Bale', 'Danny DeVito', 'Halle Berry', 'Michelle Pfeiffer']"
Celebrating Marvel's Stan Lee,662151,"['Anthony Mackie', 'Brie Larson', 'Chadwick Boseman', 'Chris Evans', 'Chris Hemsworth', 'Chris Pratt', 'Clark Gregg', 'Don Cheadle', 'Elizabeth Olsen', 'Evangeline Lilly', 'Halle Berry', 'Jon Favreau', 'Karen Gillan', 'Kumail Nanjiani', 'Lauren Ridloff', 'Mark Hamill', 'Mark Ruffalo', 'Paul Bettany', 'Paul Rudd', 'Robert Downey Jr.', 'Scarlett Johansson', 'Tom Hiddleston', 'Tom Holland']"
Chadwick Boseman:  A Tribute for a King,738005,"['Angelina Jolie', 'Benedict Cumberbatch', 'Chadwick Boseman', 'Chris Evans', 'Clark Gregg', 'Danai Gurira', 'Don Cheadle', 'Elizabeth Olsen', 'Jeremy Renner', 'Josh Brolin', 'Letitia Wright', ""Lupita Nyong'o"", 'Mark Ruffalo', 'Paul Rudd', 'Pom Klementieff', 'Robert Downey Jr.', 'Scarlett Johansson', 'Sebastian Stan', 'Simu Liu', 'Tom Hiddleston']"
Chadwick Boseman: Portrait of an Artist,818119,"['Chadwick Boseman', 'Danai Gurira', 'Viola Davis']"
Clerk,681947,"['Ben Affleck', 'Mark Hamill', 'Matt Damon']"
Come Home,931633,"['Keke Palmer', 'Matthew McConaughey', 'Scarlett Johansson', 'Taron Egerton']"
Comedy Central Roast of Alec Baldwin,630068,"['Ken Jeong', 'Lady Gaga', 'Robert De Niro']"
Community Table Read,880087,"['Gillian Jacobs', 'Ken Jeong', 'Pedro Pascal']"
Covidwood,820783,"['John David Washington', 'Zendaya']"
Creating a Character: The Moni Yakim Legacy,714394,"['Anthony Mackie', 'Oscar Isaac']"
Creating an Army of the Dead,831982,"['Ana de la Reguera', 'Dave Bautista']"
Dads,621757,"['Ken Jeong', 'Will Smith']"
David Blaine: The Magic Way,689106,"['Bryan Cranston', 'Emily Blunt', 'LeBron James']"
Dear Class of 2020,713500,"['Chris Pine', 'Jack Black', 'Lady Gaga', 'Lizzo']"
Dear Diary: World's First Pranks,801876,"['Emma Stone', 'Ryan Reynolds']"
Death to 2020,773655,"['Hugh Grant', 'Kumail Nanjiani', 'Laurence Fishburne', 'Samuel L. Jackson', 'Tom Hanks']"
Death to 2021,911068,"['Daniel Craig', 'Hugh Grant', 'Laurence Fishburne']"
Faith & Fear: The Conjuring Universe,757844,"['Patrick Wilson', 'Vera Farmiga']"
Fast Times at Ridgemont High: A Virtual Table Read,744539,"['Brad Pitt', 'Henry Golding', 'Matthew McConaughey']"
Feeding America Comedy Festival,702942,"['Jack Black', 'Kevin Hart', 'Tiffany Haddish', 'Will Smith']"
For NYC,878259,"['Rosie Perez', 'Tyrese Gibson']"
Friends: The Reunion,691179,"['Brad Pitt', 'Danny DeVito', 'Lady Gaga', 'Paul Rudd']"
Giving Voice,653747,"['Stephen McKinley Henderson', 'Viola Davis']"
Hannibal Hopkins & Sir Anthony,846652,"['Brad Pitt', 'Keanu Reeves']"
"Hello, Privilege. It's Me, Chelsea",628039,"['Kevin Hart', 'Tiffany Haddish']"
Homecoming: A Film by Beyoncé,593691,"['Cardi B', 'Jennifer Hudson']"
Inside Jojo Rabbit,899129,"['Rebel Wilson', 'Scarlett Johansson', 'Thomasin McKenzie']"
Joker: Put on a Happy Face,734586,"['Christian Bale', 'Jared Leto', 'Joaquin Phoenix', 'Margot Robbie', 'Mark Hamill']"
Jonas Brothers Family Roast,894155,"['Jack Whitehall', 'Nick Jonas']"
Joseph Pulitzer: Voice of the People,585724,"['Adam Driver', 'Sebastian Stan']"
Knives Out: Making a Murder,677149,"['Ana de Armas', 'Chris Evans', 'Christopher Plummer', 'Daniel Craig', 'Don Johnson', 'Jaeden Martell', 'Jamie Lee Curtis', 'Katherine Langford', 'Lakeith Stanfield', 'Michael Shannon', 'Toni Collette']"
L'Oreal Paris Women of Worth,922270,"['Gemma Chan', 'Katherine Langford']"
Letters Live from the Archive: Freemasons’ Hall,806492,"['Benedict Cumberbatch', 'Tom Hiddleston']"
Letters Live from the Archive: Union Chapel,810953,"['Benedict Cumberbatch', 'Taron Egerton']"
Looking at the World in a New Way: The Making of Tenet,790331,"['Elizabeth Debicki', 'John David Washington', 'Kenneth Branagh', 'Robert Pattinson']"
Lost Lives,627062,"['Kenneth Branagh', 'Liam Neeson']"
"Love, Antosha",565276,"['Anya Taylor-Joy', 'Chris Pine', 'Kristen Stewart', 'Zoe Saldana']"
Ma Rainey's Black Bottom: A Legacy Brought to Screen,777306,"['Chadwick Boseman', 'Viola Davis']"
Making The Irishman,768378,"['Al Pacino', 'Robert De Niro']"
Mariah Carey's Magical Christmas Special,766319,"['Jennifer Hudson', 'Tiffany Haddish']"
Marriage Story: From the Pages to the Performances,668735,"['Adam Driver', 'Scarlett Johansson']"
Marvel Studios: Expanding the Universe,647375,"['Anthony Mackie', 'Elizabeth Olsen', 'Jeremy Renner', 'Paul Bettany', 'Sebastian Stan', 'Tom Hiddleston']"
Marvel Studios' 2021 Disney+ Day Special,877188,"['Anthony Mackie', 'Benedict Cumberbatch', 'Chadwick Boseman', 'Chris Hemsworth', 'Djimon Hounsou', 'Don Cheadle', 'Elizabeth Olsen', 'Jeremy Renner', 'Mark Ruffalo', 'Oscar Isaac', 'Paul Bettany', 'Samuel L. Jackson', 'Sebastian Stan', 'Tom Hiddleston', 'Vera Farmiga']"
Moments Within Moments,865618,"['Angelina Jolie', 'Jennifer Hudson', 'Jennifer Lopez', 'Lady Gaga']"
Most Hated: How Kevin Durant Became the NBA’s Villain,903527,"['Klay Thompson', 'LeBron James']"
My Darling Vivian,682753,"['Joaquin Phoenix', 'Kristen Wiig']"
My Way: The Life and Legacy of Pat Patterson,790190,"['Dwayne Johnson', 'John Cena']"
One World: Together at Home,694527,"['Awkwafina', 'Danai Gurira', 'Don Cheadle', 'Idris Elba', 'Jack Black', 'James McAvoy', 'Jennifer Hudson', 'Jennifer Lopez', 'Lady Gaga', 'Lili Reinhart', 'Lizzo', ""Lupita Nyong'o"", 'Matthew McConaughey', 'Sam Heughan', 'Samuel L. Jackson']"
QT8: The First Eight,631143,"['Brad Pitt', 'Bruce Willis', 'Gwyneth Paltrow', 'Leonardo DiCaprio', 'Robert De Niro', 'Samuel L. Jackson']"
Scott Pilgrim vs. the World Water Crisis,732474,"['Chris Evans', 'Mary Elizabeth Winstead']"
"Siempre, Luis",654997,"['Ben Affleck', 'Jennifer Lopez']"
Star Wars: Galaxy's Edge - Adventure Awaits,624371,"['John Boyega', 'Oscar Isaac']"
Tales of the Wild Hunt: Hellboy Reborn,608972,"['David Harbour', 'Ian McShane', 'Milla Jovovich']"
The Collaboration Of A Lifetime: Scorsese’s Epic The Irishman,707828,"['Al Pacino', 'Robert De Niro']"
The Crystal Calls - Making The Dark Crystal: Age of Resistance,627133,"['Nathalie Emmanuel', 'Taron Egerton']"
The Disney Family Singalong: Volume II,702920,"['Jennifer Hudson', 'Keke Palmer', 'Rebel Wilson']"
The Empire Strikes Door (A Star Wars Mystery),638738,"['Anthony Daniels', 'John Boyega']"
The Favourite: Unstitching the Costume Drama,591829,"['Emma Stone', 'Rachel Weisz']"
The Great Work Begins: Scenes from Angels in America,801754,"['Brian Tyree Henry', 'Jake Gyllenhaal']"
The Gruffalo and Me: The Remarkable Julia Donaldson,852532,"['Imelda Staunton', 'James McAvoy']"
The House Is Alive: Constructing 'Crimson Peak',605910,"['Charlie Hunnam', 'Tom Hiddleston']"
The Investigation: A Search for the Truth in Ten Acts,611164,"['Annette Bening', 'Michael Shannon']"
The Irishman: In Conversation,651724,"['Al Pacino', 'Robert De Niro']"
The Making of 'No Time to Die',982626,"['Ana de Armas', 'Ben Whishaw', 'Daniel Craig', 'Lashana Lynch', 'Léa Seydoux', 'Naomie Harris']"
The Paley Center Salutes Law & Order: SVU,862737,"['Abigail Breslin', 'Ian McShane']"
The Personal History of David Copperfield,520900,"['Ben Whishaw', 'Benedict Wong', 'Nikki Amuka-Bird', 'Peter Capaldi']"
The Rock's Most Electrifying Matches,731318,"['Dwayne Johnson', 'John Cena']"
The Skywalker Legacy,680382,"['Adam Driver', 'Anthony Daniels', 'Daisy Ridley', 'Harrison Ford', 'John Boyega', 'Joonas Suotamo', 'Keri Russell', 'Mark Hamill', 'Oscar Isaac']"
The Summers of IT: Chapter One,661286,"['Bill Skarsgård', 'Finn Wolfhard', 'Jaeden Martell', 'James McAvoy', 'Sophia Lillis']"
The Summers of IT: Chapter Two,661289,"['Bill Skarsgård', 'Finn Wolfhard', 'Jaeden Martell', 'James McAvoy', 'Sophia Lillis']"
This Changes Everything,541577,"['Chloë Grace Moretz', 'Tiffany Haddish', 'Zoe Saldana']"
This is Stand-Up,692508,"['Kevin Hart', 'Tiffany Haddish']"
Turtle Journey: The Crisis in Our Oceans,666217,"['David Harbour', 'Jim Carter']"
Val,834027,"['Al Pacino', 'Jim Carrey', 'Robert De Niro', 'Robert Downey Jr.']"
With/In Volume 1,838480,"['Don Cheadle', 'Rosie Perez']"
WWE WrestleMania 35,590921,"['Colin Jost', 'Dave Bautista', 'John Cena']"
You're Watching Video Music Box,904962,"['Ludacris', 'Will Smith']"